原料ID,原料,原料单位,I01 烧结砖/铺面块 / kg,I02 陶瓷管/耐火件 / kg,I03 岩棉/玄武岩纤维 / kg,I04 透明硅玻璃板 / m²（厚5mm）,I05 低碳钢零件 / kg,I06 裸铜导线 / kg,I07 PE管材/薄膜 / kg,I08 硅橡胶密封件 / kg,I09 润滑基料 / kg,I10 钢制紧固件 / kg,I11 流体泵套件 / 套（名义1kW）,I12 感应电机套件 / 套（名义1kW）,I13 储液/储气容器套件 / 套（容积1m³）,I14 电热炉套件 / 套（名义1kW输入）,I15 机加工设备套件 / 套（名义1kW主驱动）,I16 净水设备套件 / 套（名义1m³/日）,I17 气体处理设备套件 / 套（名义1kg CO₂/小时）,I18 居住/厂房围护构件套件 / m²围护面,I19 机械阀门套件 / 件（示例小型阀）,I20 绝缘电缆 / kg,A01 净水 / kg,A02 无水硝酸钙肥料当量 / kg,A03 磷酸一铵肥料当量 / kg,A04 硫酸钾肥料 / kg,A05 七水硫酸镁肥料 / kg,A06 石膏钙硫肥 / kg,A07 小麦可食干物质 / kg可食干物质,A08 大豆可食干物质 / kg可食干物质,A09 马铃薯可食干物质 / kg可食干物质,A10 叶菜可食干物质 / kg可食干物质,A11 循环水培栽培模块 / m²栽培面积,E01 晶硅太阳能板 / m²组件,E02 太阳热集热板 / m²集热面积,E03 岩石显热储热模块 / kWhₜₕ名义容量,E04 碱性水电解设备 / 套（1kW额定输入）,E05 甲烷合成设备 / 套（名义1kg CH₄/日）,E06 合成甲烷 / kg,E07 氢气 / kg,E08 氧气 / kg,E09 镍铁蓄电池模块 / kWhₑ名义容量,E10 甲烷—氧气发电机套件 / 套（1kWₑ名义输出）
R01,水冰中H₂O,kg情景进料,0.0,0.0,0.0,0.0,1.0864793268301027,0.6299898236448137,8.56205888643331,4.318939863886866,8.56205888643331,1.0864793268301027,14.846524630205826,12.556666901979339,66.36754249440594,9.080447355924909,119.09996104037802,67.32934072435684,25.149036115835113,31.155433395812732,1.1073995900636984,2.2164036362025126,2.2222222222222223,0.7319332545128774,2.262261827139028,0.22974389581372573,0.974576615030065,0.0,23.00185437382897,26.369487315396924,13.781660942174572,12.16203639438178,31.86089952496073,9.28315442813151,7.265764859191711,2.1729586536602055,27.39187831751588,35.491081512676935,9.981508030501361,19.857804232804234,0.0,53.32562155756233,69.00440086355148
R02,大气CO₂组分,kg情景进料,0.0,0.0,0.0,0.0,0.008142350993071167,0.0,3.4860546723382684,2.1101551426011333,3.4860546723382684,0.008142350993071167,0.5197392404370806,0.292439024190825,0.9105720881044966,2.0762995032331473,4.300289771645385,18.64819795285333,1.21792459116199,4.070932720719918,0.07063277017179805,0.6972109344676537,0.0,2.384061474538419,2.125576565480934,0.8418650383735432,0.0,0.0,4.93418491388875,6.96047982252435,2.844260002885988,2.610481028066831,10.524862734002015,5.2194626705786025,0.2598696202185403,0.016284701986142333,4.0302209657545625,0.8773170725724749,3.047989084889914,0.0,3.056371578779229,7.053532854607249,1.1215876023646099
R03,大气N₂组分,kg情景进料,0.0,0.0,0.0,0.0,0.0,0.0,0.0,0.0,0.0,0.0,0.0,0.0,0.0,0.0,0.0,0.0,0.0,0.0,0.0,0.0,0.0,0.21340943163950607,0.1522169093675288,0.0,0.0,0.0,0.06666666666666668,0.17187499999999997,0.033333333333333326,0.05147058823529412,0.0,0.0,0.0,0.0,0.0,0.0,0.0,0.0,0.0,0.0,0.0
R04,大气Ar组分,kg情景进料,0.0,0.0,0.0,0.0,0.0,0.0,0.0,0.0,0.0,0.0,0.0,0.0,0.0,0.0,0.0,0.0,0.0,0.0,0.0,0.0,0.0,0.0,0.0,0.0,0.0,0.0,0.0,0.0,0.0,0.0,0.0,0.0,0.0,0.0,0.0,0.0,0.0,0.0,0.0,0.0,0.0
R05,可用玄武质风化层,kg情景进料,1.1695906432748537,1.2345679012345678,1.2345679012345678,0.0,0.0,0.0,0.0,0.0,0.0,0.0,1.2345679012345678,0.0,0.0,12.345679012345679,2.4691358024691357,0.0,0.0,6.172839506172839,0.0,0.0,0.0,0.0,0.0,0.0,0.0,0.0,0.0,0.0,0.0,0.0,1.2962962962962963,0.0,2.4691358024691357,21.14327212366428,0.0,6.172839506172839,0.0,0.0,0.0,0.0,1.2345679012345678
R06,富硅原料SiO₂当量,kg情景进料,0.0,0.0,0.0,14.294996751137099,0.0,0.0,0.0,1.0471567844961955,0.0,0.0,0.20943135689923909,0.7544882580467606,0.20943135689923909,0.0,0.0,1.8231235514423796,5.591804513105797,14.504428108036338,0.03141470353488586,0.0,0.0,0.0,0.0,0.0,0.0,0.0,0.0,0.0,0.0,0.0,0.010471567844961957,13.740327499812791,7.252214054018169,0.0,0.20943135689923909,0.3141470353488586,0.0,0.0,0.0,0.0,0.3141470353488586
R07,铁矿Fe₂O₃当量,kg情景进料,0.0,0.0,0.0,0.0,5.595586734290816,0.0,0.0,0.0,0.0,5.595586734290816,67.1470408114898,55.95586734290816,335.7352040574489,27.97793367145408,559.5586734290816,111.91173468581631,111.91173468581631,111.91173468581631,5.036028060861734,0.0,0.0,0.0,0.0,0.0,0.0,0.0,0.0,0.0,0.0,0.0,31.33528571202857,0.0,33.5735204057449,11.191173468581631,83.93380101436223,167.86760202872446,0.0,0.0,0.0,72.77626834779038,335.7352040574489
R08,碳酸钙原料CaCO₃当量,kg情景进料,0.0,0.0,0.0,0.0,0.0,0.0,0.0,0.0,0.0,0.0,0.0,0.0,0.0,0.0,0.0,0.0,0.0,0.0,0.0,0.0,0.0,7.6245078800141375,0.0,0.0,0.0,0.0,2.202292942119371,5.837668065463619,1.083194855726395,1.7200992736950553,0.0,0.0,0.0,0.0,0.0,0.0,0.0,0.0,0.0,0.0,0.0
R09,天然硫S,kg情景进料,0.0,0.0,0.0,0.0,0.0,0.0,0.0,0.0,0.0,0.0,0.0,0.0,0.0,0.0,0.0,0.0,0.0,0.0,0.0,0.0,0.0,0.0,1.0323037664919865,0.40885868996880637,0.0,0.0,0.08469281976334968,0.1212804874409442,0.05688969772740162,0.07614453249946906,0.0,0.0,0.0,0.0,0.0,0.0,0.0,0.0,0.0,0.0,0.0
R10,磷灰石Ca₅(PO₄)₃F当量,kg情景进料,0.0,0.0,0.0,0.0,0.0,0.0,0.0,0.0,0.0,0.0,0.0,0.0,0.0,0.0,0.0,0.0,0.0,0.0,0.0,0.0,0.0,0.0,104.38683102017163,0.0,0.0,0.0,3.445784704905259,5.814761689527623,2.0674708229431547,2.280298701775539,0.0,0.0014285714285714288,0.0,0.0,0.0,0.0,0.0,0.0,0.0,0.0,0.0
R11,可选钾盐KCl,kg情景进料,0.0,0.0,0.0,0.0,0.0,0.0,0.0,0.0,0.0,0.0,0.0,0.0,0.0,0.0,0.0,0.0,0.0,0.0,0.0,0.0,0.0,0.0,0.0,12.223348123079546,0.0,0.0,1.5132507894285991,1.906695994680035,1.089540568388591,1.6022655417479288,0.0,0.0,0.0,0.0,9.49087807300088,0.0,0.0,0.0,0.0,37.96351229200352,0.0
R12,含水硫酸镁MgSO₄·H₂O当量,kg情景进料,0.0,0.0,0.0,0.0,0.0,0.0,0.0,0.0,0.0,0.0,0.0,0.0,0.0,0.0,0.0,0.0,0.0,0.0,0.0,0.0,0.0,0.0,0.0,0.0,3.509003270227942,0.0,0.2372214222039361,0.3558321333059041,0.14233285332236162,0.20931301959170834,0.0,0.0,0.0,0.0,0.0,0.0,0.0,0.0,0.0,0.0,0.0
R13,氯化钠NaCl,kg情景进料,0.0,0.0,0.0,0.0,0.0,0.0,0.0,0.0,0.0,0.0,0.0,0.0,0.0,0.0,0.0,0.0,0.0,0.0,0.0,0.0,0.0,0.0,0.0,0.0,0.0,0.0,0.0,0.0,0.0,0.0,0.0,0.0,0.0,0.0,0.0,0.0,0.0,0.0,0.0,0.0,0.0
R14,铜矿CuO当量,kg情景进料,0.0,0.0,0.0,0.0,0.0,156.471296383722,0.0,0.0,0.0,0.0,234.70694457558304,312.942592767444,78.235648191861,78.235648191861,469.4138891511661,156.471296383722,312.942592767444,0.0,0.0,125.17703710697762,0.0,0.0,0.0,0.0,0.0,0.0,0.0,0.0,0.0,0.0,11.735347228779153,21.90598149372108,78.235648191861,0.0,156.471296383722,312.942592767444,0.0,0.0,0.0,78.235648191861,625.885185534888
R15,镍矿NiO当量,kg情景进料,0.0,0.0,0.0,0.0,0.0,0.0,0.0,0.0,0.0,0.0,0.0,0.0,0.0,0.0,0.0,0.0,0.0,0.0,0.0,0.0,0.0,0.0,0.0,0.0,0.0,0.0,0.0,0.0,0.0,0.0,0.0,0.0,0.0,0.0,159.07348406113164,79.53674203056582,0.0,0.0,0.0,604.2585781008984,0.0
R16,富铝矿Al₂O₃当量,kg情景进料,0.0,0.0,0.0,0.0,0.0,0.0,0.0,0.0,0.0,0.0,0.0,0.0,0.0,0.0,0.0,0.0,0.0,0.0,0.0,0.0,0.0,0.0,0.0,0.0,0.0,0.0,0.0,0.0,0.0,0.0,0.0,12.848098732488324,0.0,0.0,0.0,0.0,0.0,0.0,0.0,0.0,0.0
R17,可选银矿Ag₂S当量,kg情景进料,0.0,0.0,0.0,0.0,0.0,0.0,0.0,0.0,0.0,0.0,0.0,0.0,0.0,0.0,0.0,0.0,0.0,0.0,0.0,0.0,0.0,0.0,0.0,0.0,0.0,0.0,0.0,0.0,0.0,0.0,0.0,114.86072818495163,0.0,0.0,0.0,0.0,0.0,0.0,0.0,0.0,0.0
R18,硼矿B₂O₃当量,kg情景进料,0.0,0.0,0.0,0.0,0.0,0.0,0.0,0.0,0.0,0.0,0.0,0.0,0.0,0.0,0.0,0.0,0.0,0.0,0.0,0.0,0.0,0.0,0.0,0.0,0.0,0.0,0.0,0.0,0.0,0.0,0.0,0.02,0.0,0.0,0.0,0.0,0.0,0.0,0.0,0.0,0.0
R19,可选萤石CaF₂,kg情景进料,0.0,0.0,0.0,0.0,0.0,0.0,0.0,0.0,0.0,0.0,0.0,0.0,0.0,0.0,0.0,0.0,0.0,0.0,0.0,0.0,0.0,0.0,0.0,0.0,0.0,0.0,0.0,0.0,0.0,0.0,0.0,0.0,0.0,0.0,0.0,0.0,0.0,0.0,0.0,0.0,0.0
R20,可选锡矿SnO₂,kg情景进料,0.0,0.0,0.0,0.0,0.0,0.0,0.0,0.0,0.0,0.0,0.0,0.0,0.0,0.0,0.0,0.0,0.0,0.0,0.0,0.0,0.0,0.0,0.0,0.0,0.0,0.0,0.0,0.0,0.0,0.0,0.0,1.5869345463735154,0.0,0.0,0.0,0.0,0.0,0.0,0.0,0.0,0.0
R21,石膏CaSO₄·2H₂O,kg情景进料,0.0,0.0,0.0,0.0,0.0,0.0,0.0,0.0,0.0,0.0,0.0,0.0,0.0,0.0,0.0,0.0,0.0,0.0,0.0,0.0,0.0,0.0,0.0,0.0,0.0,2.2222222222222223,0.0,0.0,0.0,0.0,0.0,0.0,0.0,0.0,0.0,0.0,0.0,0.0,0.0,0.0,0.0
