process_id,direction,material_id,amount,unit,basis,note
M_W,input,R01,1,kg有效组分当量,T,理想熔融净化物料值；采收、去盐与处理能耗另列。
M_W,primary_output,M_W,1,kg,T,每次配方以1单位主产品归一化
M_H2,input,M_W,8.936011904761905,kg,T,水电解；氧气是副产品，不再次免费重复生成。
M_H2,primary_output,M_H2,1,kg,T,每次配方以1单位主产品归一化
M_H2,coproduct,M_O2,7.936011904761905,kg,T,副产品必须按真实回收/合格率入库；不能与独立制备重复计数
M_O2,input,R02,2.7507344209013063,kg有效组分当量,T,选择CO2固体氧化物电解作为独立制氧路线。
M_O2,primary_output,M_O2,1,kg,T,每次配方以1单位主产品归一化
M_O2,coproduct,B_CO,1.750734420901306,kg,T,副产品必须按真实回收/合格率入库；不能与独立制备重复计数
M_C,input,R02,3.664057946882025,kg有效组分当量,T,Bosch路线理想总计量；碳的晶型/纯度和设备尚需定义。
M_C,input,M_H2,0.3356922820747648,kg,T,Bosch路线理想总计量；碳的晶型/纯度和设备尚需定义。
M_C,primary_output,M_C,1,kg,T,每次配方以1单位主产品归一化
M_C,coproduct,M_W,2.99975022895679,kg,T,副产品必须按真实回收/合格率入库；不能与独立制备重复计数
M_FE,input,R07,1.429734085414988,kg有效组分当量,T,Fe2O3当量+H2；原矿矿相与还原性能不能从总FeO浓度直接推出。
M_FE,input,M_H2,0.05414987912973409,kg,T,Fe2O3当量+H2；原矿矿相与还原性能不能从总FeO浓度直接推出。
M_FE,primary_output,M_FE,1,kg,T,每次配方以1单位主产品归一化
M_FE,coproduct,M_W,0.48388396454472204,kg,T,副产品必须按真实回收/合格率入库；不能与独立制备重复计数
M_ST,input,M_FE,0.998,kg,H/T,0.2%碳情景；不是合格承压/耐蚀钢标准；合金与质量控制缺口另标。
M_ST,input,M_C,0.002,kg,H/T,0.2%碳情景；不是合格承压/耐蚀钢标准；合金与质量控制缺口另标。
M_ST,primary_output,M_ST,1,kg,H/T,每次配方以1单位主产品归一化
M_CU,input,R14,1.2517703710697763,kg有效组分当量,T/U,氧化铜等效进料；真实硫化铜矿需要增加选冶路线。
M_CU,input,M_H2,0.031725049570389956,kg,T/U,氧化铜等效进料；真实硫化铜矿需要增加选冶路线。
M_CU,primary_output,M_CU,1,kg,T/U,每次配方以1单位主产品归一化
M_CU,coproduct,M_W,0.2834954206401662,kg,T/U,副产品必须按真实回收/合格率入库；不能与独立制备重复计数
M_NI,input,R15,1.2725878724890531,kg有效组分当量,T/U,NiO当量路线；不是从任意火星岩土直接得到镍。
M_NI,input,M_H2,0.03434821869728929,kg,T/U,NiO当量路线；不是从任意火星岩土直接得到镍。
M_NI,primary_output,M_NI,1,kg,T/U,每次配方以1单位主产品归一化
M_NI,coproduct,M_W,0.3069360911863425,kg,T/U,副产品必须按真实回收/合格率入库；不能与独立制备重复计数
M_AL,input,R16,1.8894262841894596,kg有效组分当量,T/U,碳阳极电解的主物料计量；电解质/槽衬/铝土分离链未量化。
M_AL,input,M_C,0.3338614631976874,kg,T/U,碳阳极电解的主物料计量；电解质/槽衬/铝土分离链未量化。
M_AL,primary_output,M_AL,1,kg,T/U,每次配方以1单位主产品归一化
M_AL,coproduct,R02,1.2232877473871469,kg,T/U,副产品必须按真实回收/合格率入库；不能与独立制备重复计数
M_AG,input,R17,1.1486072818495163,kg有效组分当量,T/U,硫化银氧化总计量；矿床假设。
M_AG,input,M_O2,0.14831989409297644,kg,T/U,硫化银氧化总计量；矿床假设。
M_AG,primary_output,M_AG,1,kg,T/U,每次配方以1单位主产品归一化
M_AG,coproduct,B_SO2,0.2969271759424928,kg,T/U,副产品必须按真实回收/合格率入库；不能与独立制备重复计数
M_SN,input,R20,1.2695476370988124,kg有效组分当量,T/U,
M_SN,input,M_H2,0.03396512509476877,kg,T/U,
M_SN,primary_output,M_SN,1,kg,T/U,每次配方以1单位主产品归一化
M_SN,coproduct,M_W,0.30351276219358103,kg,T/U,副产品必须按真实回收/合格率入库；不能与独立制备重复计数
M_SI,input,R06,2.1393270429054656,kg有效组分当量,T,SiO2+2C→Si+2CO；工业硅不是太阳能级硅。
M_SI,input,M_C,0.8553320277728323,kg,T,SiO2+2C→Si+2CO；工业硅不是太阳能级硅。
M_SI,primary_output,M_SI,1,kg,T,每次配方以1单位主产品归一化
M_SI,coproduct,B_CO,1.9946590706782978,kg,T,副产品必须按真实回收/合格率入库；不能与独立制备重复计数
M_SIP,input,M_SI,1.1111111111111112,kg,H,90%材料收得率为假设；HCl/H2循环启动及杂质清除未由此证明。
M_SIP,primary_output,M_SIP,1,kg,H,每次配方以1单位主产品归一化
M_MEOH,input,R02,1.3734785593907994,kg有效组分当量,T,
M_MEOH,input,M_H2,0.18875226265526496,kg,T,
M_MEOH,primary_output,M_MEOH,1,kg,T,每次配方以1单位主产品归一化
M_MEOH,coproduct,M_W,0.5622308220460646,kg,T,副产品必须按真实回收/合格率入库；不能与独立制备重复计数
M_PE,input,M_MEOH,2.2843088329649963,kg,T/H,甲醇制烯烃—聚合理想主计量；催化剂/选择性/聚合控制待校准。
M_PE,primary_output,M_PE,1,kg,T/H,每次配方以1单位主产品归一化
M_PE,coproduct,M_W,1.284308832964996,kg,T/H,副产品必须按真实回收/合格率入库；不能与独立制备重复计数
M_PDMS,input,M_SI,0.3787388407907868,kg,T/H,甲基氯硅烷—水解缩聚路线的闭合氯载体理想总计量；不是工艺操作配方。
M_PDMS,input,M_MEOH,0.8642015265528495,kg,T/H,甲基氯硅烷—水解缩聚路线的闭合氯载体理想总计量；不是工艺操作配方。
M_PDMS,primary_output,M_PDMS,1,kg,T/H,每次配方以1单位主产品归一化
M_PDMS,coproduct,M_W,0.24294036734363625,kg,T/H,副产品必须按真实回收/合格率入库；不能与独立制备重复计数
M_GL,input,R06,1.0526315789473684,kg有效组分当量,H,95%成材率假设；光学、机械质量及纯化需验证。
M_GL,primary_output,M_GL,1,kg,H,每次配方以1单位主产品归一化
M_CER,input,R05,1.1111111111111112,kg有效组分当量,H,90%合格成材率假设；耐火等级待材料试验。
M_CER,primary_output,M_CER,1,kg,H,每次配方以1单位主产品归一化
M_FIB,input,R05,1.1111111111111112,kg有效组分当量,H,熔融—纤维化候选；不设万能粘结剂/工艺窗口。
M_FIB,primary_output,M_FIB,1,kg,H,每次配方以1单位主产品归一化
M_SEAL,input,M_PDMS,0.8,kg,H,80/20质量配方假设；交联/添加剂、辐射及耐温资格未闭合。
M_SEAL,input,R06,0.2,kg有效组分当量,H,80/20质量配方假设；交联/添加剂、辐射及耐温资格未闭合。
M_SEAL,primary_output,M_SEAL,1,kg,H,每次配方以1单位主产品归一化
M_LUB,input,M_MEOH,2.2843088329649963,kg,H/T,以(CH2)n近似的基料质量计量，不代表合格润滑剂或特定黏度。
M_LUB,primary_output,M_LUB,1,kg,H/T,每次配方以1单位主产品归一化
M_LUB,coproduct,M_W,1.284308832964996,kg,H/T,副产品必须按真实回收/合格率入库；不能与独立制备重复计数
M_NH3,input,R03,0.8224414303329224,kg有效组分当量,T,Haber-Bosch主计量；设备、纯化、催化与能量另计。
M_NH3,input,M_H2,0.1775585696670777,kg,T,Haber-Bosch主计量；设备、纯化、催化与能量另计。
M_NH3,primary_output,M_NH3,1,kg,T,每次配方以1单位主产品归一化
M_HNO3,input,M_NH3,0.2702818510759855,kg,T,Ostwald过程总计量；催化材料在未量化项表。
M_HNO3,input,M_O2,1.0156160731289279,kg,T,Ostwald过程总计量；催化材料在未量化项表。
M_HNO3,primary_output,M_HNO3,1,kg,T,每次配方以1单位主产品归一化
M_HNO3,coproduct,M_W,0.28589792420491333,kg,T,副产品必须按真实回收/合格率入库；不能与独立制备重复计数
M_ACID,input,R09,0.3269026837425565,kg有效组分当量,T,工业总计量，不是操作/安全设计。
M_ACID,input,M_O2,0.48940574271963455,kg,T,工业总计量，不是操作/安全设计。
M_ACID,input,M_W,0.18369157353780896,kg,T,工业总计量，不是操作/安全设计。
M_ACID,primary_output,M_ACID,1,kg,T,每次配方以1单位主产品归一化
M_PACID,input,R10,1.715404344483676,kg有效组分当量,T,按氟磷灰石和湿法酸解计算；实际磷矿杂质和肥料级提纯另计。
M_PACID,input,M_ACID,1.6679932785000444,kg,T,按氟磷灰石和湿法酸解计算；实际磷矿杂质和肥料级提纯另计。
M_PACID,input,M_W,0.612792619956324,kg,T,按氟磷灰石和湿法酸解计算；实际磷矿杂质和肥料级提纯另计。
M_PACID,primary_output,M_PACID,1,kg,T,每次配方以1单位主产品归一化
M_PACID,coproduct,A06,2.9281384574565794,kg,T,副产品必须按真实回收/合格率入库；不能与独立制备重复计数
M_PACID,coproduct,B_HF,0.06805178548346498,kg,T,副产品必须按真实回收/合格率入库；不能与独立制备重复计数
M_KOH,input,R11,1.328722930220123,kg有效组分当量,T/U,氯碱电解主计量；指定钾盐矿为假设。
M_KOH,input,M_W,0.32109437661527496,kg,T/U,氯碱电解主计量；指定钾盐矿为假设。
M_KOH,primary_output,M_KOH,1,kg,T/U,每次配方以1单位主产品归一化
M_KOH,coproduct,B_Cl2,0.6318509936725782,kg,T/U,副产品必须按真实回收/合格率入库；不能与独立制备重复计数
M_KOH,coproduct,M_H2,0.017966313162819714,kg,T/U,副产品必须按真实回收/合格率入库；不能与独立制备重复计数
M_NIOH,input,R15,0.8056781041345313,kg有效组分当量,T/U,氧化镍水合总计量；电极形貌/性能不能由质量保证。
M_NIOH,input,M_W,0.19432189586546864,kg,T/U,氧化镍水合总计量；电极形貌/性能不能由质量保证。
M_NIOH,primary_output,M_NIOH,1,kg,T/U,每次配方以1单位主产品归一化
I01,input,R05,1.0526315789473684,kg有效组分当量,H,非承压围护；95%合格率假设
I01,primary_output,I01,1,kg,H,每次配方以1单位主产品归一化
I02,input,M_CER,1,kg,H,
I02,primary_output,I02,1,kg,H,每次配方以1单位主产品归一化
I03,input,M_FIB,1,kg,H,
I03,primary_output,I03,1,kg,H,每次配方以1单位主产品归一化
I04,input,M_GL,11,kg,H,
I04,primary_output,I04,1,m²（厚5mm）,H,每次配方以1单位主产品归一化
I05,input,M_ST,1,kg,H/T,机加工损耗默认0；应另加良率
I05,primary_output,I05,1,kg,H/T,每次配方以1单位主产品归一化
I06,input,M_CU,1,kg,T/U,不包含绝缘、端接；铜矿可用性未确认
I06,primary_output,I06,1,kg,T/U,每次配方以1单位主产品归一化
I07,input,M_PE,1,kg,T/H,
I07,primary_output,I07,1,kg,T/H,每次配方以1单位主产品归一化
I08,input,M_SEAL,1,kg,T/H,
I08,primary_output,I08,1,kg,T/H,每次配方以1单位主产品归一化
I09,input,M_LUB,1,kg,T/H,
I09,primary_output,I09,1,kg,T/H,每次配方以1单位主产品归一化
I10,input,M_ST,1,kg,H/T,
I10,primary_output,I10,1,kg,H/T,每次配方以1单位主产品归一化
I11,input,M_ST,12,kg,H,
I11,input,M_CU,1.5,kg,H,
I11,input,M_SEAL,0.2,kg,H,
I11,input,M_CER,1,kg,H,
I11,input,X01,0.3,kg,H,
I11,input,X02,0.5,kg,H,
I11,primary_output,I11,1,套（名义1kW）,H,每次配方以1单位主产品归一化
I12,input,M_ST,10,kg,H,
I12,input,M_CU,2,kg,H,
I12,input,M_GL,0.5,kg,H,
I12,input,M_SEAL,0.1,kg,H,
I12,input,X01,0.5,kg,H,
I12,input,X02,0.3,kg,H,
I12,primary_output,I12,1,套（名义1kW）,H,每次配方以1单位主产品归一化
I13,input,M_ST,60,kg,H,
I13,input,M_SEAL,0.2,kg,H,
I13,input,M_CU,0.5,kg,H,
I13,input,X01,0.2,kg,H,
I13,input,X02,0.3,kg,H,
I13,primary_output,I13,1,套（容积1m³）,H,每次配方以1单位主产品归一化
I14,input,M_ST,5,kg,H,
I14,input,M_CER,10,kg,H,
I14,input,M_CU,0.5,kg,H,
I14,input,M_C,0.5,kg,H,
I14,input,X01,0.2,kg,H,
I14,input,X03,0.1,kg,H,
I14,primary_output,I14,1,套（名义1kW输入）,H,每次配方以1单位主产品归一化
I15,input,M_ST,100,kg,H,
I15,input,M_CU,3,kg,H,
I15,input,M_CER,2,kg,H,
I15,input,M_LUB,1,kg,H,
I15,input,X01,2,kg,H,
I15,input,X02,1,kg,H,
I15,primary_output,I15,1,套（名义1kW主驱动）,H,每次配方以1单位主产品归一化
I16,input,M_ST,20,kg,H,
I16,input,M_PE,5,kg,H,
I16,input,M_GL,1,kg,H,
I16,input,M_CU,1,kg,H,
I16,input,M_SEAL,0.5,kg,H,
I16,input,X03,0.2,kg,H,
I16,input,X01,0.5,kg,H,
I16,primary_output,I16,1,套（名义1m³/日）,H,每次配方以1单位主产品归一化
I17,input,M_ST,20,kg,H,
I17,input,M_CU,2,kg,H,
I17,input,M_GL,2,kg,H,
I17,input,R06,2,kg有效组分当量,H,
I17,input,M_SEAL,0.5,kg,H,
I17,input,X03,1,kg,H,
I17,input,X01,0.5,kg,H,
I17,primary_output,I17,1,套（名义1kg CO₂/小时）,H,每次配方以1单位主产品归一化
I18,input,M_ST,20,kg,H,
I18,input,M_GL,11,kg,H,
I18,input,M_FIB,5,kg,H,
I18,input,M_PE,1,kg,H,
I18,input,M_SEAL,0.2,kg,H,
I18,input,X02,0.1,kg,H,
I18,primary_output,I18,1,m²围护面,H,每次配方以1单位主产品归一化
I19,input,M_ST,0.9,kg,H,
I19,input,M_SEAL,0.03,kg,H,
I19,input,X02,0.02,kg,H,
I19,primary_output,I19,1,件（示例小型阀）,H,每次配方以1单位主产品归一化
I20,input,M_CU,0.8,kg,H,
I20,input,M_PE,0.2,kg,H,
I20,primary_output,I20,1,kg,H,每次配方以1单位主产品归一化
A01,input,M_W,1,kg,T,
A01,primary_output,A01,1,kg,T,每次配方以1单位主产品归一化
A02,input,R08,0.609960630401131,kg有效组分当量,T,按纯盐主计量；不是可直接投放的完整水培配方
A02,input,M_HNO3,0.7680362736613726,kg,T,按纯盐主计量；不是可直接投放的完整水培配方
A02,primary_output,A02,1,kg,T,每次配方以1单位主产品归一化
A02,coproduct,R02,0.26820691588557216,kg,T,副产品必须按真实回收/合格率入库；不能与独立制备重复计数
A02,coproduct,M_W,0.1097899881769316,kg,T,副产品必须按真实回收/合格率入库；不能与独立制备重复计数
A03,input,M_NH3,0.1480634644642469,kg,T,需与硝态氮及其他盐配平；非万能肥
A03,input,M_PACID,0.8519365355357531,kg,T,需与硝态氮及其他盐配平；非万能肥
A03,primary_output,A03,1,kg,T,每次配方以1单位主产品归一化
A04,input,R11,0.8556343686155682,kg有效组分当量,T/U,以假设钾盐矿为条件；未证实则不能开工
A04,input,M_ACID,0.5628170695314831,kg,T/U,以假设钾盐矿为条件；未证实则不能开工
A04,primary_output,A04,1,kg,T/U,每次配方以1单位主产品归一化
A04,coproduct,B_HCl,0.41845143814705144,kg,T/U,副产品必须按真实回收/合格率入库；不能与独立制备重复计数
A05,input,R12,0.5614405232364708,kg有效组分当量,T,假定原料为一水盐当量，非所有天然镁盐的通用换算
A05,input,M_W,0.43855947676352924,kg,T,假定原料为一水盐当量，非所有天然镁盐的通用换算
A05,primary_output,A05,1,kg,T,每次配方以1单位主产品归一化
A06,input,R21,1,kg有效组分当量,T,纯化检验另计；A03酸解副产石膏可替代部分需求但不能双算
A06,primary_output,A06,1,kg,T,每次配方以1单位主产品归一化
A07,input,R02,3.6640579468820254,kg有效组分当量,H,作物列仅预核算占位：净固定碳代理+养分元素目标+98%蒸腾冷凝回收；盐氮/钙可能过供，必须经营养配方优化替换。种源为初始生物资本，不是火星天然原料。
A07,input,M_W,10.179646164021163,kg,H,作物列仅预核算占位：净固定碳代理+养分元素目标+98%蒸腾冷凝回收；盐氮/钙可能过供，必须经营养配方优化替换。种源为初始生物资本，不是火星天然原料。
A07,input,A02,0.2888439459669478,kg,H,作物列仅预核算占位：净固定碳代理+养分元素目标+98%蒸腾冷凝回收；盐氮/钙可能过供，必须经营养配方优化替换。种源为初始生物资本，不是火星天然原料。
A07,input,A03,0.03300976446195017,kg,H,作物列仅预核算占位：净固定碳代理+养分元素目标+98%蒸腾冷凝回收；盐氮/钙可能过供，必须经营养配方优化替换。种源为初始生物资本，不是火星天然原料。
A07,input,A04,0.12380002387163881,kg,H,作物列仅预核算占位：净固定碳代理+养分元素目标+98%蒸腾冷凝回收；盐氮/钙可能过供，必须经营养配方优化替换。种源为初始生物资本，不是火星天然原料。
A07,input,A05,0.06760364808338477,kg,H,作物列仅预核算占位：净固定碳代理+养分元素目标+98%蒸腾冷凝回收；盐氮/钙可能过供，必须经营养配方优化替换。种源为初始生物资本，不是火星天然原料。
A07,input,X05,0.0022222222222222222,kg,H,作物列仅预核算占位：净固定碳代理+养分元素目标+98%蒸腾冷凝回收；盐氮/钙可能过供，必须经营养配方优化替换。种源为初始生物资本，不是火星天然原料。
A07,primary_output,A07,1,kg可食干物质,H,每次配方以1单位主产品归一化
A08,input,R02,4.39686953625843,kg有效组分当量,H,作物列仅预核算占位：净固定碳代理+养分元素目标+98%蒸腾冷凝回收；盐氮/钙可能过供，必须经营养配方优化替换。种源为初始生物资本，不是火星天然原料。
A08,input,M_W,11.49678199404762,kg,H,作物列仅预核算占位：净固定碳代理+养分元素目标+98%蒸腾冷凝回收；盐氮/钙可能过供，必须经营养配方优化替换。种源为初始生物资本，不是火星天然原料。
A08,input,A02,0.7656452268566343,kg,H,作物列仅预核算占位：净固定碳代理+养分元素目标+98%蒸腾冷凝回收；盐氮/钙可能过供，必须经营养配方优化替换。种源为初始生物资本，不是火星天然原料。
A08,input,A03,0.05570397752954091,kg,H,作物列仅预核算占位：净固定碳代理+养分元素目标+98%蒸腾冷凝回收；盐氮/钙可能过供，必须经营养配方优化替换。种源为初始生物资本，不是火星天然原料。
A08,input,A04,0.1559880300782649,kg,H,作物列仅预核算占位：净固定碳代理+养分元素目标+98%蒸腾冷凝回收；盐氮/钙可能过供，必须经营养配方优化替换。种源为初始生物资本，不是火星天然原料。
A08,input,A05,0.10140547212507714,kg,H,作物列仅预核算占位：净固定碳代理+养分元素目标+98%蒸腾冷凝回收；盐氮/钙可能过供，必须经营养配方优化替换。种源为初始生物资本，不是火星天然原料。
A08,input,X05,0.0025,kg,H,作物列仅预核算占位：净固定碳代理+养分元素目标+98%蒸腾冷凝回收；盐氮/钙可能过供，必须经营养配方优化替换。种源为初始生物资本，不是火星天然原料。
A08,primary_output,A08,1,kg可食干物质,H,每次配方以1单位主产品归一化
A09,input,R02,2.149580662170788,kg有效组分当量,H,作物列仅预核算占位：净固定碳代理+养分元素目标+98%蒸腾冷凝回收；盐氮/钙可能过供，必须经营养配方优化替换。种源为初始生物资本，不是火星天然原料。
A09,input,M_W,6.1077876984126975,kg,H,作物列仅预核算占位：净固定碳代理+养分元素目标+98%蒸腾冷凝回收；盐氮/钙可能过供，必须经营养配方优化替换。种源为初始生物资本，不是火星天然原料。
A09,input,A02,0.1420675108180735,kg,H,作物列仅预核算占位：净固定碳代理+养分元素目标+98%蒸腾冷凝回收；盐氮/钙可能过供，必须经营养配方优化替换。种源为初始生物资本，不是火星天然原料。
A09,input,A03,0.0198058586771701,kg,H,作物列仅预核算占位：净固定碳代理+养分元素目标+98%蒸腾冷凝回收；盐氮/钙可能过供，必须经营养配方优化替换。种源为初始生物资本，不是火星天然原料。
A09,input,A04,0.08913601718757992,kg,H,作物列仅预核算占位：净固定碳代理+养分元素目标+98%蒸腾冷凝回收；盐氮/钙可能过供，必须经营养配方优化替换。种源为初始生物资本，不是火星天然原料。
A09,input,A05,0.04056218885003086,kg,H,作物列仅预核算占位：净固定碳代理+养分元素目标+98%蒸腾冷凝回收；盐氮/钙可能过供，必须经营养配方优化替换。种源为初始生物资本，不是火星天然原料。
A09,input,X05,0.0013333333333333333,kg,H,作物列仅预核算占位：净固定碳代理+养分元素目标+98%蒸腾冷凝回收；盐氮/钙可能过供，必须经营养配方优化替换。种源为初始生物资本，不是火星天然原料。
A09,primary_output,A09,1,kg可食干物质,H,每次配方以1单位主产品归一化
A10,input,R02,1.7242625632386002,kg有效组分当量,H,作物列仅预核算占位：净固定碳代理+养分元素目标+98%蒸腾冷凝回收；盐氮/钙可能过供，必须经营养配方优化替换。种源为初始生物资本，不是火星天然原料。
A10,input,M_W,5.336659663865546,kg,H,作物列仅预核算占位：净固定碳代理+养分元素目标+98%蒸腾冷凝回收；盐氮/钙可能过供，必须经营养配方优化替换。种源为初始生物资本，不是火星天然原料。
A10,input,A02,0.22560135037749687,kg,H,作物列仅预核算占位：净固定碳代理+养分元素目标+98%蒸腾冷凝回收；盐氮/钙可能过供，必须经营养配方优化替换。种源为初始生物资本，不是火星天然原料。
A10,input,A03,0.021844697070408203,kg,H,作物列仅预核算占位：净固定碳代理+养分元素目标+98%蒸腾冷凝回收；盐氮/钙可能过供，必须经营养配方优化替换。种源为初始生物资本，不是火星天然原料。
A10,input,A04,0.13108237821702934,kg,H,作物列仅预核算占位：净固定碳代理+养分元素目标+98%蒸腾冷凝回收；盐氮/钙可能过供，必须经营养配方优化替换。种源为初始生物资本，不是火星天然原料。
A10,input,A05,0.059650277720633624,kg,H,作物列仅预核算占位：净固定碳代理+养分元素目标+98%蒸腾冷凝回收；盐氮/钙可能过供，必须经营养配方优化替换。种源为初始生物资本，不是火星天然原料。
A10,input,X05,0.0011764705882352942,kg,H,作物列仅预核算占位：净固定碳代理+养分元素目标+98%蒸腾冷凝回收；盐氮/钙可能过供，必须经营养配方优化替换。种源为初始生物资本，不是火星天然原料。
A10,primary_output,A10,1,kg可食干物质,H,每次配方以1单位主产品归一化
A11,input,M_ST,5,kg,H,种子、苗木、微生物由地球引入或本地繁育；不可从矿物直接生成。
A11,input,M_PE,3,kg,H,种子、苗木、微生物由地球引入或本地繁育；不可从矿物直接生成。
A11,input,M_FIB,1,kg,H,种子、苗木、微生物由地球引入或本地繁育；不可从矿物直接生成。
A11,input,I11,0.05,套（名义1kW）,H,种子、苗木、微生物由地球引入或本地繁育；不可从矿物直接生成。
A11,input,X01,0.1,kg,H,种子、苗木、微生物由地球引入或本地繁育；不可从矿物直接生成。
A11,primary_output,A11,1,m²栽培面积,H,每次配方以1单位主产品归一化
M_CELL,input,M_SIP,0.5807076923076924,kg,H,硅片180µm、有效覆盖率90%、切片收得率65%；掺杂/金属/辅料均情景值；不得视为可生产电池配方。
M_CELL,input,M_AG,0.008,kg,H,硅片180µm、有效覆盖率90%、切片收得率65%；掺杂/金属/辅料均情景值；不得视为可生产电池配方。
M_CELL,input,M_AL,0.02,kg,H,硅片180µm、有效覆盖率90%、切片收得率65%；掺杂/金属/辅料均情景值；不得视为可生产电池配方。
M_CELL,input,R18,1e-05,kg有效组分当量,H,硅片180µm、有效覆盖率90%、切片收得率65%；掺杂/金属/辅料均情景值；不得视为可生产电池配方。
M_CELL,input,R10,2e-05,kg有效组分当量,H,硅片180µm、有效覆盖率90%、切片收得率65%；掺杂/金属/辅料均情景值；不得视为可生产电池配方。
M_CELL,input,M_CU,0.02,kg,H,硅片180µm、有效覆盖率90%、切片收得率65%；掺杂/金属/辅料均情景值；不得视为可生产电池配方。
M_CELL,input,X04,0.05,kg,H,硅片180µm、有效覆盖率90%、切片收得率65%；掺杂/金属/辅料均情景值；不得视为可生产电池配方。
M_CELL,primary_output,M_CELL,1,组/m²组件,H,每次配方以1单位主产品归一化
E01,input,M_CELL,1,组/m²组件,H,高级/条件性本地制造；真实电池制程辅料与合格率尚未闭合。启动阶段可进口电池片而本地封装，但该替代路线未混入本矩阵。
E01,input,M_GL,8.8,kg,H,高级/条件性本地制造；真实电池制程辅料与合格率尚未闭合。启动阶段可进口电池片而本地封装，但该替代路线未混入本矩阵。
E01,input,M_AL,1,kg,H,高级/条件性本地制造；真实电池制程辅料与合格率尚未闭合。启动阶段可进口电池片而本地封装，但该替代路线未混入本矩阵。
E01,input,M_CU,0.12,kg,H,高级/条件性本地制造；真实电池制程辅料与合格率尚未闭合。启动阶段可进口电池片而本地封装，但该替代路线未混入本矩阵。
E01,input,M_SN,0.01,kg,H,高级/条件性本地制造；真实电池制程辅料与合格率尚未闭合。启动阶段可进口电池片而本地封装，但该替代路线未混入本矩阵。
E01,input,M_PDMS,0.6,kg,H,高级/条件性本地制造；真实电池制程辅料与合格率尚未闭合。启动阶段可进口电池片而本地封装，但该替代路线未混入本矩阵。
E01,input,X01,0.05,kg,H,高级/条件性本地制造；真实电池制程辅料与合格率尚未闭合。启动阶段可进口电池片而本地封装，但该替代路线未混入本矩阵。
E01,primary_output,E01,1,m²组件,H,每次配方以1单位主产品归一化
E02,input,M_GL,5.5,kg,H,
E02,input,M_ST,6,kg,H,
E02,input,M_CU,0.5,kg,H,
E02,input,M_FIB,2,kg,H,
E02,input,M_SEAL,0.1,kg,H,
E02,input,X03,0.02,kg,H,
E02,primary_output,E02,1,m²集热面积,H,每次配方以1单位主产品归一化
E03,input,R05,16.80672268907563,kg有效组分当量,H,制造该容量不是已经存有热能；充热另需能量。
E03,input,M_ST,2,kg,H,制造该容量不是已经存有热能；充热另需能量。
E03,input,M_FIB,2,kg,H,制造该容量不是已经存有热能；充热另需能量。
E03,primary_output,E03,1,kWhₜₕ名义容量,H,每次配方以1单位主产品归一化
E04,input,M_ST,15,kg,H,
E04,input,M_NI,1,kg,H,
E04,input,M_CU,1,kg,H,
E04,input,M_PE,1,kg,H,
E04,input,M_SEAL,0.2,kg,H,
E04,input,M_KOH,0.5,kg,H,
E04,input,X01,0.5,kg,H,
E04,input,X03,0.2,kg,H,
E04,primary_output,E04,1,套（1kW额定输入）,H,每次配方以1单位主产品归一化
E05,input,M_ST,30,kg,H,
E05,input,M_NI,0.5,kg,H,
E05,input,M_CU,2,kg,H,
E05,input,M_CER,5,kg,H,
E05,input,M_SEAL,0.3,kg,H,
E05,input,X01,1,kg,H,
E05,input,X03,0.1,kg,H,
E05,primary_output,E05,1,套（名义1kg CH₄/日）,H,每次配方以1单位主产品归一化
E06,input,R02,2.7431901764009226,kg有效组分当量,T,毛水量含上游电解；工艺回水单独列出。
E06,input,M_H2,0.5026491304618838,kg,T,毛水量含上游电解；工艺回水单独列出。
E06,primary_output,E06,1,kg,T,每次配方以1单位主产品归一化
E06,coproduct,M_W,2.2458393068628064,kg,T,副产品必须按真实回收/合格率入库；不能与独立制备重复计数
E07,input,M_H2,1,kg,T,
E07,primary_output,E07,1,kg,T,每次配方以1单位主产品归一化
E08,input,M_O2,1,kg,T,独立CO2电解列；已有副产氧时不应机械叠加本列。
E08,primary_output,E08,1,kg,T,每次配方以1单位主产品归一化
E09,input,M_NIOH,6,kg,H,电池是储能不是一次能源；初次充电和充放效率另计。
E09,input,M_FE,3,kg,H,电池是储能不是一次能源；初次充电和充放效率另计。
E09,input,M_ST,10,kg,H,电池是储能不是一次能源；初次充电和充放效率另计。
E09,input,M_KOH,2,kg,H,电池是储能不是一次能源；初次充电和充放效率另计。
E09,input,M_W,8,kg,H,电池是储能不是一次能源；初次充电和充放效率另计。
E09,input,M_PE,2,kg,H,电池是储能不是一次能源；初次充电和充放效率另计。
E09,input,M_CU,0.5,kg,H,电池是储能不是一次能源；初次充电和充放效率另计。
E09,input,X03,0.5,kg,H,电池是储能不是一次能源；初次充电和充放效率另计。
E09,primary_output,E09,1,kWhₑ名义容量,H,每次配方以1单位主产品归一化
E10,input,M_ST,60,kg,H,消耗甲烷与氧；不产生净能源。
E10,input,M_CU,4,kg,H,消耗甲烷与氧；不产生净能源。
E10,input,M_CER,1,kg,H,消耗甲烷与氧；不产生净能源。
E10,input,M_SEAL,0.3,kg,H,消耗甲烷与氧；不产生净能源。
E10,input,X01,1,kg,H,消耗甲烷与氧；不产生净能源。
E10,input,X02,2,kg,H,消耗甲烷与氧；不产生净能源。
E10,primary_output,E10,1,套（1kWₑ名义输出）,H,每次配方以1单位主产品归一化
