id,forest,name,unit,basis,spec,note,external_dependency,speculative_ore_dependency,sources
I01,工业建设,烧结砖/铺面块,kg,H,按产品名称/单位,非承压围护；95%合格率假设,False,False,S23
I02,工业建设,陶瓷管/耐火件,kg,H,按产品名称/单位,,False,False,S23
I03,工业建设,岩棉/玄武岩纤维,kg,H,按产品名称/单位,,False,False,H00
I04,工业建设,透明硅玻璃板,m²（厚5mm）,H,密度2200kg/m3×0.005m×1m2=11kg；材料假设，非压力窗设计,,False,False,H00
I05,工业建设,低碳钢零件,kg,H/T,按产品名称/单位,机加工损耗默认0；应另加良率,False,False,H00
I06,工业建设,裸铜导线,kg,T/U,按产品名称/单位,不包含绝缘、端接；铜矿可用性未确认,False,True,H00
I07,工业建设,PE管材/薄膜,kg,T/H,按产品名称/单位,,False,False,H00
I08,工业建设,硅橡胶密封件,kg,T/H,按产品名称/单位,,False,False,H00
I09,工业建设,润滑基料,kg,T/H,按产品名称/单位,,False,False,H00
I10,工业建设,钢制紧固件,kg,H/T,按产品名称/单位,,False,False,H00
I11,工业建设,流体泵套件,套（名义1kW）,H,示例BOM，不保证扬程/流量/压力；非工程选型,,True,True,H00
I12,工业建设,感应电机套件,套（名义1kW）,H,避免稀土永磁体；绕组绝缘与叠片等级未冻结,,True,True,H00
I13,工业建设,储液/储气容器套件,套（容积1m³）,H,容积标签，不提供压力等级；壁厚与疲劳需独立设计,,True,True,H00
I14,工业建设,电热炉套件,套（名义1kW输入）,H,加热元件、炉温与产能需独立设计,,True,True,H00
I15,工业建设,机加工设备套件,套（名义1kW主驱动）,H,概念质量清单，不能由质量保证机床精度,,True,True,H00
I16,工业建设,净水设备套件,套（名义1m³/日）,H,膜/过滤/传感外购；不同污染物需不同工艺,,True,True,H00
I17,工业建设,气体处理设备套件,套（名义1kg CO₂/小时）,H,分离组件性能另测；气体产品回收率不是由BOM确定,,True,True,H00
I18,工业建设,居住/厂房围护构件套件,m²围护面,H,围护面而非建筑面积；不包含全部屏蔽层、气密和结构认证,,True,False,H00
I19,工业建设,机械阀门套件,件（示例小型阀）,H,按产品名称/单位,,True,False,H00
I20,工业建设,绝缘电缆,kg,H,80%铜/20%PE质量假设；电压、截面和耐温另定,,False,True,H00
A01,农业,净水,kg,T,按产品名称/单位,,False,False,S02
A02,农业,无水硝酸钙肥料当量,kg,T,按产品名称/单位,按纯盐主计量；不是可直接投放的完整水培配方,False,False,H00
A03,农业,磷酸一铵肥料当量,kg,T,按产品名称/单位,需与硝态氮及其他盐配平；非万能肥,False,False,H00
A04,农业,硫酸钾肥料,kg,T/U,按产品名称/单位,以假设钾盐矿为条件；未证实则不能开工,False,True,H00
A05,农业,七水硫酸镁肥料,kg,T,按产品名称/单位,假定原料为一水盐当量，非所有天然镁盐的通用换算,False,False,H00
A06,农业,石膏钙硫肥,kg,T,按产品名称/单位,纯化检验另计；A03酸解副产石膏可替代部分需求但不能双算,False,False,H00
A07,农业,小麦可食干物质,kg可食干物质,H,假设收获指数0.45；周期80日；同类不代表统一品种/栽培参数,作物列仅预核算占位：净固定碳代理+养分元素目标+98%蒸腾冷凝回收；盐氮/钙可能过供，必须经营养配方优化替换。种源为初始生物资本，不是火星天然原料。,True,True,S24;S25
A08,农业,大豆可食干物质,kg可食干物质,H,假设收获指数0.4；周期95日；同类不代表统一品种/栽培参数,作物列仅预核算占位：净固定碳代理+养分元素目标+98%蒸腾冷凝回收；盐氮/钙可能过供，必须经营养配方优化替换。种源为初始生物资本，不是火星天然原料。,True,True,S24;S25
A09,农业,马铃薯可食干物质,kg可食干物质,H,假设收获指数0.75；周期100日；同类不代表统一品种/栽培参数,作物列仅预核算占位：净固定碳代理+养分元素目标+98%蒸腾冷凝回收；盐氮/钙可能过供，必须经营养配方优化替换。种源为初始生物资本，不是火星天然原料。,True,True,S24;S25
A10,农业,叶菜可食干物质,kg可食干物质,H,假设收获指数0.85；周期30日；同类不代表统一品种/栽培参数,作物列仅预核算占位：净固定碳代理+养分元素目标+98%蒸腾冷凝回收；盐氮/钙可能过供，必须经营养配方优化替换。种源为初始生物资本，不是火星天然原料。,True,True,S24;S25
A11,农业,循环水培栽培模块,m²栽培面积,H,不含围护壳、灯具与初始营养液；它们通过资本/服务清单另设,种子、苗木、微生物由地球引入或本地繁育；不可从矿物直接生成。,True,True,S25
E01,能源,晶硅太阳能板,m²组件,H,双玻总厚4mm；硅180µm覆盖90%；组件效率假设18%；不含支架/逆变系统,高级/条件性本地制造；真实电池制程辅料与合格率尚未闭合。启动阶段可进口电池片而本地封装，但该替代路线未混入本矩阵。,True,True,S19;S20
E02,能源,太阳热集热板,m²集热面积,H,2.5mm透明板；选择性涂层占位；集热效率另定,,True,True,H00
E03,能源,岩石显热储热模块,kWhₜₕ名义容量,H,cp=0.84kJ/(kgK)、ΔT=300K、可用率85%；均为设计假设,制造该容量不是已经存有热能；充热另需能量。,False,False,H00
E04,能源,碱性水电解设备,套（1kW额定输入）,H,Ni/KOH为条件原料；电耗另设，不由质量清单推出产氢量,,True,True,H00
E05,能源,甲烷合成设备,套（名义1kg CH₄/日）,H,Sabatier设备概念BOM；压缩/热交换/净化需匹配,,True,True,H00
E06,能源,合成甲烷,kg,T,按产品名称/单位,毛水量含上游电解；工艺回水单独列出。,False,False,S22
E07,能源,氢气,kg,T,按产品名称/单位,,False,False,S22
E08,能源,氧气,kg,T,按产品名称/单位,独立CO2电解列；已有副产氧时不应机械叠加本列。,False,False,S21
E09,能源,镍铁蓄电池模块,kWhₑ名义容量,H,示例质量配方，不保证1kWh性能；需保温、水维护，镍矿为未证实门槛,电池是储能不是一次能源；初次充电和充放效率另计。,True,True,S28
E10,能源,甲烷—氧气发电机套件,套（1kWₑ名义输出）,H,封闭/稀释工质与散热系统需设计；不能套用地球吸气式发动机,消耗甲烷与氧；不产生净能源。,True,True,H00
