id,group,name,formula,status,abundance,inventory,recoverable_reserve,use,sources,note
G01,大气,CO₂,CO2,观测/参考值,95.1 vol%；体积分数,粗略全球组分库存≈2.41e+16 kg；按总大气质量换算，非采收承诺,未建立可用于本项目的已探明经济可采储量,气体分离；CO2为碳和氧来源；N2为氮源,S01,不同季节/高度/纬度有变化；极低含量物质通常不作首选大宗原料。
G02,大气,N₂,N2,观测/参考值,2.59 vol%；体积分数,粗略全球组分库存≈4.17e+14 kg；按总大气质量换算，非采收承诺,未建立可用于本项目的已探明经济可采储量,气体分离；CO2为碳和氧来源；N2为氮源,S01,不同季节/高度/纬度有变化；极低含量物质通常不作首选大宗原料。
G03,大气,Ar,Ar,观测/参考值,1.94 vol%；体积分数,粗略全球组分库存≈4.45e+14 kg；按总大气质量换算，非采收承诺,未建立可用于本项目的已探明经济可采储量,气体分离；CO2为碳和氧来源；N2为氮源,S01,不同季节/高度/纬度有变化；极低含量物质通常不作首选大宗原料。
G04,大气,O₂,O2,观测/参考值,0.16 vol%；体积分数,粗略全球组分库存≈2.94e+13 kg；按总大气质量换算，非采收承诺,未建立可用于本项目的已探明经济可采储量,气体分离；CO2为碳和氧来源；N2为氮源,S01,不同季节/高度/纬度有变化；极低含量物质通常不作首选大宗原料。
G05,大气,CO,CO,观测/参考值,0.06 vol%；体积分数,粗略全球组分库存≈9.66e+12 kg；按总大气质量换算，非采收承诺,未建立可用于本项目的已探明经济可采储量,气体分离；CO2为碳和氧来源；N2为氮源,S01,不同季节/高度/纬度有变化；极低含量物质通常不作首选大宗原料。
G06,大气,水蒸气,H2O,观测/参考值,0.021 vol%；体积分数,粗略全球组分库存≈2.17e+12 kg；按总大气质量换算，非采收承诺,未建立可用于本项目的已探明经济可采储量,气体分离；CO2为碳和氧来源；N2为氮源,S01,不同季节/高度/纬度有变化；极低含量物质通常不作首选大宗原料。
G07,大气,Ne,Ne,观测/参考值,0.00025 vol%；体积分数,粗略全球组分库存≈2.9e+10 kg；按总大气质量换算，非采收承诺,未建立可用于本项目的已探明经济可采储量,气体分离；CO2为碳和氧来源；N2为氮源,S01,不同季节/高度/纬度有变化；极低含量物质通常不作首选大宗原料。
G08,大气,Kr,Kr,观测/参考值,3e-05 vol%；体积分数,粗略全球组分库存≈1.45e+10 kg；按总大气质量换算，非采收承诺,未建立可用于本项目的已探明经济可采储量,气体分离；CO2为碳和氧来源；N2为氮源,S01,不同季节/高度/纬度有变化；极低含量物质通常不作首选大宗原料。
G09,大气,Xe,Xe,观测/参考值,8e-06 vol%；体积分数,粗略全球组分库存≈6.04e+09 kg；按总大气质量换算，非采收承诺,未建立可用于本项目的已探明经济可采储量,气体分离；CO2为碳和氧来源；N2为氮源,S01,不同季节/高度/纬度有变化；极低含量物质通常不作首选大宗原料。
G10,大气,其他痕量与同位素气体,HDO/NO/H₂/He/O₃等,观测或物理化学存在；逐项证据不等同,不设统一稳定丰度；NASA参考表HDO约0.85ppm、NO约100ppm,未统一估计,未建立可用于本项目的已探明经济可采储量,科研/可选痕量模块,S01,未将未逐项核实的成分用作生产供给。
G11,大气,甲烷,CH4,观测不一致,近地检测与轨道未检出不一致；TGO相关研究上限<0.05ppbv，常更低,无可用天然气储量,未建立可用于本项目的已探明经济可采储量,默认仅采用合成甲烷,S17,
W01,水与冰,两极水冰,H2O,确认,冰与尘土混合，局部品位不同,历史MOLA估计总体积约3.2—4.7×10^6 km3（2000年）,未建立可用于本项目的已探明经济可采储量,水、氢、氧、热管理,S30,历史数量级，不能与区域地下冰重复累加。
W02,水与冰,中纬度浅层地下冰,H2O,多证据支持；具体区块需探测,USGS 2026模型：约45°以极方向较有利；深度与含冰量局地变化,全球可开采量未定,未建立可用于本项目的已探明经济可采储量,首选水资源候选,S02,
W03,水与冰,Utopia Planitia地下冰,H2O,雷达解释,覆盖层与含冰量需现场测量,2016水当量体积估计约14300 km3,未建立可用于本项目的已探明经济可采储量,区域水资源,S03,
W04,水与冰,Medusae Fossae疑似地下冰,H2O,有条件的雷达解释,干覆盖层约300—600m,假设富冰解释成立，约2.2—4.0×10^5 km3冰,未建立可用于本项目的已探明经济可采储量,远期情景,S04,不是已钻探确认的浅层水矿。
W05,水与冰,风化层结合水/羟基,H2O/OH,确认,低中纬度水当量氢约2—10 wt%，不能全当自由水,未估算,未建立可用于本项目的已探明经济可采储量,热提水备选,S05,化学结合与自由冰开采能耗不同。
W06,水与冰,二氧化碳霜/干冰,CO2,确认,季节极冠及残余极区；随季节变化,不设统一可采库存,未建立可用于本项目的已探明经济可采储量,CO2备选来源,S01,
W07,水与冰,深层液态水/盐水,H2O+盐,解释有争议/未钻探验证,不输入确定含量,未知,未建立可用于本项目的已探明经济可采储量,不纳入基础供水,S02,默认不可用，而非判定不存在。
B01,局部整体岩土化学,Si元素含量（氧化物等效）,SiO2,Portage APXS局部实测,42.88 wt%（水/碳不计归一化）,未知；禁止由一个采样点乘全火星面积外推,未建立可用于本项目的已探明经济可采储量,材料与营养元素资源线索,S05,不是对应纯氧化物矿藏；不能视为全部可直接分离。
B02,局部整体岩土化学,Fe元素含量（氧化物等效）,FeOT,Portage APXS局部实测,19.19 wt%（水/碳不计归一化）,未知；禁止由一个采样点乘全火星面积外推,未建立可用于本项目的已探明经济可采储量,材料与营养元素资源线索,S05,不是对应纯氧化物矿藏；不能视为全部可直接分离。
B03,局部整体岩土化学,Al元素含量（氧化物等效）,Al2O3,Portage APXS局部实测,9.43 wt%（水/碳不计归一化）,未知；禁止由一个采样点乘全火星面积外推,未建立可用于本项目的已探明经济可采储量,材料与营养元素资源线索,S05,不是对应纯氧化物矿藏；不能视为全部可直接分离。
B04,局部整体岩土化学,Mg元素含量（氧化物等效）,MgO,Portage APXS局部实测,8.69 wt%（水/碳不计归一化）,未知；禁止由一个采样点乘全火星面积外推,未建立可用于本项目的已探明经济可采储量,材料与营养元素资源线索,S05,不是对应纯氧化物矿藏；不能视为全部可直接分离。
B05,局部整体岩土化学,Ca元素含量（氧化物等效）,CaO,Portage APXS局部实测,7.28 wt%（水/碳不计归一化）,未知；禁止由一个采样点乘全火星面积外推,未建立可用于本项目的已探明经济可采储量,材料与营养元素资源线索,S05,不是对应纯氧化物矿藏；不能视为全部可直接分离。
B06,局部整体岩土化学,Na元素含量（氧化物等效）,Na2O,Portage APXS局部实测,2.72 wt%（水/碳不计归一化）,未知；禁止由一个采样点乘全火星面积外推,未建立可用于本项目的已探明经济可采储量,材料与营养元素资源线索,S05,不是对应纯氧化物矿藏；不能视为全部可直接分离。
B07,局部整体岩土化学,Ti元素含量（氧化物等效）,TiO2,Portage APXS局部实测,1.19 wt%（水/碳不计归一化）,未知；禁止由一个采样点乘全火星面积外推,未建立可用于本项目的已探明经济可采储量,材料与营养元素资源线索,S05,不是对应纯氧化物矿藏；不能视为全部可直接分离。
B08,局部整体岩土化学,P元素含量（氧化物等效）,P2O5,Portage APXS局部实测,0.94 wt%（水/碳不计归一化）,未知；禁止由一个采样点乘全火星面积外推,未建立可用于本项目的已探明经济可采储量,材料与营养元素资源线索,S05,不是对应纯氧化物矿藏；不能视为全部可直接分离。
B09,局部整体岩土化学,K元素含量（氧化物等效）,K2O,Portage APXS局部实测,0.49 wt%（水/碳不计归一化）,未知；禁止由一个采样点乘全火星面积外推,未建立可用于本项目的已探明经济可采储量,材料与营养元素资源线索,S05,不是对应纯氧化物矿藏；不能视为全部可直接分离。
B10,局部整体岩土化学,Cr元素含量（氧化物等效）,Cr2O3,Portage APXS局部实测,0.49 wt%（水/碳不计归一化）,未知；禁止由一个采样点乘全火星面积外推,未建立可用于本项目的已探明经济可采储量,材料与营养元素资源线索,S05,不是对应纯氧化物矿藏；不能视为全部可直接分离。
B11,局部整体岩土化学,Mn元素含量（氧化物等效）,MnO,Portage APXS局部实测,0.41 wt%（水/碳不计归一化）,未知；禁止由一个采样点乘全火星面积外推,未建立可用于本项目的已探明经济可采储量,材料与营养元素资源线索,S05,不是对应纯氧化物矿藏；不能视为全部可直接分离。
B12,局部整体岩土化学,S元素含量（氧化物等效）,SO3,Portage APXS局部实测,5.45 wt%（水/碳不计归一化）,未知；禁止由一个采样点乘全火星面积外推,未建立可用于本项目的已探明经济可采储量,材料与营养元素资源线索,S05,不是对应纯氧化物矿藏；不能视为全部可直接分离。
B13,局部整体岩土化学,Cl元素含量（氧化物等效）,Cl,Portage APXS局部实测,0.69 wt%（水/碳不计归一化）,未知；禁止由一个采样点乘全火星面积外推,未建立可用于本项目的已探明经济可采储量,材料与营养元素资源线索,S05,不是对应纯氧化物矿藏；不能视为全部可直接分离。
M01,矿物/岩石,玄武质岩石/风化层,混合硅酸盐,确认,广泛存在；无一个通用wt%,未知,未建立可用于本项目的已探明经济可采储量,骨料、烧结、陶瓷、玄武岩棉,S05;S06,矿物清单与整体岩土化学表描述可能为同一物质；禁止重复记账。
M02,矿物/岩石,斜长石,"(Na,Ca)(Al,Si)4O8",确认,Rocknest晶体部分40.8%,未知,未建立可用于本项目的已探明经济可采储量,铝/硅/钙/钠候选原料,S06,矿物清单与整体岩土化学表描述可能为同一物质；禁止重复记账。
M03,矿物/岩石,橄榄石,"(Mg,Fe)2SiO4",确认,Rocknest晶体部分22.4%,未知,未建立可用于本项目的已探明经济可采储量,镁/铁/硅候选原料,S06,矿物清单与整体岩土化学表描述可能为同一物质；禁止重复记账。
M04,矿物/岩石,辉石（普通辉石/易变辉石）,复杂Mg/Fe/Ca硅酸盐,确认,Rocknest晶体部分14.6%/13.8%,未知,未建立可用于本项目的已探明经济可采储量,材料原料,S06,矿物清单与整体岩土化学表描述可能为同一物质；禁止重复记账。
M05,矿物/岩石,磁铁矿,Fe3O4,确认,Rocknest晶体部分2.1%,未知,未建立可用于本项目的已探明经济可采储量,选矿与铁源候选,S06,矿物清单与整体岩土化学表描述可能为同一物质；禁止重复记账。
M06,矿物/岩石,赤铁矿及其他铁氧化物,Fe2O3等,确认,局地富集；Rocknest拟合少量接近检出限,未知,未建立可用于本项目的已探明经济可采储量,铁源候选,S06,矿物清单与整体岩土化学表描述可能为同一物质；禁止重复记账。
M07,矿物/岩石,二氧化硅富集物,SiO2·nH2O/非晶SiO2,确认,Spirit局部样品约90% SiO2,未知,未建立可用于本项目的已探明经济可采储量,玻璃、硅原料候选,S07,矿物清单与整体岩土化学表描述可能为同一物质；禁止重复记账。
M08,矿物/岩石,石英/钛铁矿/透长石,SiO2/FeTiO3/KAlSi3O8,拟合或局部检出；部分近检测限,Rocknest晶体部分拟合1.4%/0.9%/1.3%,未知,未建立可用于本项目的已探明经济可采储量,石英、钛、钾候选,S06,矿物清单与整体岩土化学表描述可能为同一物质；禁止重复记账。
M09,矿物/岩石,非晶和低结晶相,多种混合相,确认但组分不唯一,Rocknest整体约27 wt%，不确定度较大,未知,未建立可用于本项目的已探明经济可采储量,水和多元素来源线索,S06,矿物清单与整体岩土化学表描述可能为同一物质；禁止重复记账。
M10,矿物/岩石,黏土/层状硅酸盐,蒙脱石等,轨道/局部观测支持,区域性；不是所有风化层都有,未知,未建立可用于本项目的已探明经济可采储量,吸附材料、硅铝源,S06,矿物清单与整体岩土化学表描述可能为同一物质；禁止重复记账。
M11,矿物/岩石,石膏/半水石膏/硬石膏,CaSO4·2H2O等,确认,区域性；无全球平均矿石品位,未知,未建立可用于本项目的已探明经济可采储量,钙硫肥、胶结材料、水,S13,矿物清单与整体岩土化学表描述可能为同一物质；禁止重复记账。
M12,矿物/岩石,含水硫酸镁矿物,MgSO4·nH2O,确认,区域性；水合态不同,未知,未建立可用于本项目的已探明经济可采储量,镁硫肥、水,S13,矿物清单与整体岩土化学表描述可能为同一物质；禁止重复记账。
M13,矿物/岩石,黄钾铁矾/含铁硫酸盐,KFe3(SO4)2(OH)6等,已报告矿物类别,局部；不设定全球品位,未知,未建立可用于本项目的已探明经济可采储量,硫/铁/钾候选,S34,矿物清单与整体岩土化学表描述可能为同一物质；禁止重复记账。
M14,矿物/岩石,氯化钠/含氯盐,NaCl等,确认/区域性,无统一工业品位,未知,未建立可用于本项目的已探明经济可采储量,氯碱化工、盐,S13,矿物清单与整体岩土化学表描述可能为同一物质；禁止重复记账。
M15,矿物/岩石,高氯酸盐/氯酸盐,ClO4-/ClO3-盐,确认；物种区分有局限,Phoenix约0.5 wt%高氯酸盐,未知,未建立可用于本项目的已探明经济可采储量,优先作为污染物；不作肥料或默认氧源,S09,矿物清单与整体岩土化学表描述可能为同一物质；禁止重复记账。
M16,矿物/岩石,硝酸盐,NO3-盐,热解释放气体推断支持,钻孔样品最高约1100ppm硝酸盐当量,未知,未建立可用于本项目的已探明经济可采储量,备选氮源；首版优先大气N2,S08,矿物清单与整体岩土化学表描述可能为同一物质；禁止重复记账。
M17,矿物/岩石,磷酸盐/磷灰石类载磷相,"Ca5(PO4)3(F,Cl,OH)等",元素与矿物学证据；矿床未定,Gale局部P2O5 1.5—7.5 wt%；基岩中值0.9—1.2%,未知,未建立可用于本项目的已探明经济可采储量,磷肥/掺杂源候选,S10,矿物清单与整体岩土化学表描述可能为同一物质；禁止重复记账。
M18,矿物/岩石,碳酸盐：菱镁矿/方解石类,MgCO3/CaCO3,有证据,无统一品位；不等同大规模纯石灰石矿,未知,未建立可用于本项目的已探明经济可采储量,钙/镁和化工候选,S29,矿物清单与整体岩土化学表描述可能为同一物质；禁止重复记账。
M19,矿物/岩石,菱铁矿,FeCO3,2025研究确认,局部；不外推全部硫酸盐地层,未知,未建立可用于本项目的已探明经济可采储量,铁/碳来源候选,S12,矿物清单与整体岩土化学表描述可能为同一物质；禁止重复记账。
M20,矿物/岩石,天然单质硫,S,2024原位确认,局部纯硫晶体/岩石；没有总体矿石品位,未知,未建立可用于本项目的已探明经济可采储量,硫酸/硫肥原料候选,S11,矿物清单与整体岩土化学表描述可能为同一物质；禁止重复记账。
M21,矿物/岩石,含硼矿脉,含B的硫酸钙矿脉,确认,2016 Catabola局部B<0.1 wt%,未知,未建立可用于本项目的已探明经济可采储量,微量肥/硅掺杂线索,S14,矿物清单与整体岩土化学表描述可能为同一物质；禁止重复记账。
M22,矿物/岩石,锰氧化物,MnOx,确认,局部富集；无可采储量,未知,未建立可用于本项目的已探明经济可采储量,合金/微量营养线索,S32,矿物清单与整体岩土化学表描述可能为同一物质；禁止重复记账。
M23,矿物/岩石,镍、锌、铬等微量元素载体,多种矿相,检测/陨石研究支持；矿相不全明确,不设统一可采品位,未知,未建立可用于本项目的已探明经济可采储量,合金、电池、营养等候选,S05;S31,矿物清单与整体岩土化学表描述可能为同一物质；禁止重复记账。
M24,矿物/岩石,钍及其他放射性元素载体,Th/U等,Th有轨道测量；U矿床未确认,早期Th平均估计约1.1ppm；非矿石品位,未知,未建立可用于本项目的已探明经济可采储量,远期研究，不作为首版燃料,S15,矿物清单与整体岩土化学表描述可能为同一物质；禁止重复记账。
M25,矿物/岩石,天然有机碳/有机分子前体,多种有机化合物,已检测；原始分子受热解解释影响,痕量；无工业级丰度,未知,未建立可用于本项目的已探明经济可采储量,不作为石油/聚合物大宗原料,S16;S33,矿物清单与整体岩土化学表描述可能为同一物质；禁止重复记账。
U01,未证实经济矿藏/排除项,可选钾盐矿,KCl,未证实可用矿床；不是断言不存在,未知,未知,未建立可用于本项目的已探明经济可采储量,钾肥/KOH,H00,仅情景开关；默认不能自动生成可采储量。
U02,未证实经济矿藏/排除项,可选铜矿,Cu矿物；矩阵CuO等效,未证实可用矿床；不是断言不存在,未知,未知,未建立可用于本项目的已探明经济可采储量,导线/电机,H00,仅情景开关；默认不能自动生成可采储量。
U03,未证实经济矿藏/排除项,可选镍矿,Ni矿物；矩阵NiO等效,未证实可用矿床；不是断言不存在,未知,未知,未建立可用于本项目的已探明经济可采储量,电池/电极/催化,H00,仅情景开关；默认不能自动生成可采储量。
U04,未证实经济矿藏/排除项,可选银矿,Ag2S等,未证实可用矿床；不是断言不存在,未知,未知,未建立可用于本项目的已探明经济可采储量,晶硅电池电极,H00,仅情景开关；默认不能自动生成可采储量。
U05,未证实经济矿藏/排除项,可选锡矿,SnO2,未证实可用矿床；不是断言不存在,未知,未知,未建立可用于本项目的已探明经济可采储量,焊料,H00,仅情景开关；默认不能自动生成可采储量。
U06,未证实经济矿藏/排除项,可选高品位铝矿,铝硅酸盐；矩阵Al2O3等效,未证实可用矿床；不是断言不存在,未知,未知,未建立可用于本项目的已探明经济可采储量,导体/框架,H00,仅情景开关；默认不能自动生成可采储量。
U07,未证实经济矿藏/排除项,可选硼矿/萤石矿,硼酸盐/CaF2,未证实可用矿床；不是断言不存在,未知,未知,未建立可用于本项目的已探明经济可采储量,掺杂/化工,H00,仅情景开关；默认不能自动生成可采储量。
U08,未证实经济矿藏/排除项,锂钴稀土及贵金属矿床,Li/Co/REE/Pt等,未证实可用矿床；不是断言不存在,未知,未知,未建立可用于本项目的已探明经济可采储量,备选电池、磁体、催化,H00,仅情景开关；默认不能自动生成可采储量。
U09,未证实经济矿藏/排除项,煤、石油、天然气田/天然橡胶/原生农作物,不适用,未证实可用矿床；不是断言不存在,未知,未知,未建立可用于本项目的已探明经济可采储量,不作为天然输入,H00,仅情景开关；默认不能自动生成可采储量。
EN01,自然能量通量,太阳辐射,非物质,确认,大气外平均约590 W/m2；非地表全天均值,不适用：是通量不是库存,未建立可用于本项目的已探明经济可采储量,光伏、太阳热、农业光照,S27,
EN02,自然能量通量,风能/地热,非物质,存在物理机制；工程潜力地点相关,本版不设统一可用功率,不适用,未建立可用于本项目的已探明经济可采储量,候选，不纳入首版选定工艺,H00,
